DE,49,179,175,721
AT,TODO,TODO
CH,41,TODO
LI,TODO,TODO

BE,TODO,TODO
NL,TODO,TODO
LU,TODO,TODO

UK,TODO,TODO
DK,TODO,TODO
SE,TODO,TODO
NO,TODO,TODO
FI,TODO,TODO
IE,TODO,TODO
IS,TODO,TODO

IT,39,TODO
FR,TODO,TODO
ES,TODO,TODO
PT,TODO,TODO
AD,TODO,TODO
GR,TODO,TODO

SI,TODO,TODO
CZ,TODO,TODO
HR,TODO,TODO
PL,TODO,TODO
RU,TODO,TODO
RO,TODO,TODO
BG,TODO,TODO
HR,TODO,TODO
BA,TODO,TODO
TR,TODO,TODO
EE,TODO,TODO
LT,TODO,TODO
LV,TODO,TODO

US,TODO,TODO
JP,TODO,TODO
